acrylicpaint,anupam.acrylic,apks/acrylicpaint.apk,acrylicpaint_cache.json
acrylicpaint-lint-draw-allocation,anupam.acrylic,apks/acrylicpaint-lint-drawallocation.apk,acrylicpaint_cache.json
acrylicpaint-lint-overdraw,anupam.acrylic,apks/acrylicpaint-lint-overdraw.apk,acrylicpaint_cache.json
acrylicpaint-lint-all,anupam.acrylic,apks/acrylicpaint-lint-all.apk,acrylicpaint_cache.json
blank-app,com.example.luiscruz.blankapp,apks/blank-app.apk,acrylicpaint_cache.json
acrylicpaint,anupam.acrylic,apks/acrylicpaint.apk,acrylicpaint_cache.json
acrylicpaint-lint-draw-allocation,anupam.acrylic,apks/acrylicpaint-lint-drawallocation.apk,acrylicpaint_cache.json
acrylicpaint-lint-overdraw,anupam.acrylic,apks/acrylicpaint-lint-overdraw.apk,acrylicpaint_cache.json
acrylicpaint-lint-all,anupam.acrylic,apks/acrylicpaint-lint-all.apk,acrylicpaint_cache.json
blank-app,com.example.luiscruz.blankapp,apks/blank-app.apk,acrylicpaint_cache.json
acrylicpaint,anupam.acrylic,apks/acrylicpaint.apk,acrylicpaint_cache.json
acrylicpaint-lint-draw-allocation,anupam.acrylic,apks/acrylicpaint-lint-drawallocation.apk,acrylicpaint_cache.json
acrylicpaint-lint-overdraw,anupam.acrylic,apks/acrylicpaint-lint-overdraw.apk,acrylicpaint_cache.json
acrylicpaint-lint-all,anupam.acrylic,apks/acrylicpaint-lint-all.apk,acrylicpaint_cache.json
blank-app,com.example.luiscruz.blankapp,apks/blank-app.apk,acrylicpaint_cache.json
acrylicpaint,anupam.acrylic,apks/acrylicpaint.apk,acrylicpaint_cache.json
acrylicpaint-lint-draw-allocation,anupam.acrylic,apks/acrylicpaint-lint-drawallocation.apk,acrylicpaint_cache.json
acrylicpaint-lint-overdraw,anupam.acrylic,apks/acrylicpaint-lint-overdraw.apk,acrylicpaint_cache.json
acrylicpaint-lint-all,anupam.acrylic,apks/acrylicpaint-lint-all.apk,acrylicpaint_cache.json
blank-app,com.example.luiscruz.blankapp,apks/blank-app.apk,acrylicpaint_cache.json
acrylicpaint,anupam.acrylic,apks/acrylicpaint.apk,acrylicpaint_cache.json
acrylicpaint-lint-draw-allocation,anupam.acrylic,apks/acrylicpaint-lint-drawallocation.apk,acrylicpaint_cache.json
acrylicpaint-lint-overdraw,anupam.acrylic,apks/acrylicpaint-lint-overdraw.apk,acrylicpaint_cache.json
acrylicpaint-lint-all,anupam.acrylic,apks/acrylicpaint-lint-all.apk,acrylicpaint_cache.json
blank-app,com.example.luiscruz.blankapp,apks/blank-app.apk,acrylicpaint_cache.json
acrylicpaint,anupam.acrylic,apks/acrylicpaint.apk,acrylicpaint_cache.json
acrylicpaint-lint-draw-allocation,anupam.acrylic,apks/acrylicpaint-lint-drawallocation.apk,acrylicpaint_cache.json
acrylicpaint-lint-overdraw,anupam.acrylic,apks/acrylicpaint-lint-overdraw.apk,acrylicpaint_cache.json
acrylicpaint-lint-all,anupam.acrylic,apks/acrylicpaint-lint-all.apk,acrylicpaint_cache.json
blank-app,com.example.luiscruz.blankapp,apks/blank-app.apk,acrylicpaint_cache.json
acrylicpaint,anupam.acrylic,apks/acrylicpaint.apk,acrylicpaint_cache.json
acrylicpaint-lint-draw-allocation,anupam.acrylic,apks/acrylicpaint-lint-drawallocation.apk,acrylicpaint_cache.json
acrylicpaint-lint-overdraw,anupam.acrylic,apks/acrylicpaint-lint-overdraw.apk,acrylicpaint_cache.json
acrylicpaint-lint-all,anupam.acrylic,apks/acrylicpaint-lint-all.apk,acrylicpaint_cache.json
blank-app,com.example.luiscruz.blankapp,apks/blank-app.apk,acrylicpaint_cache.json
acrylicpaint,anupam.acrylic,apks/acrylicpaint.apk,acrylicpaint_cache.json
acrylicpaint-lint-draw-allocation,anupam.acrylic,apks/acrylicpaint-lint-drawallocation.apk,acrylicpaint_cache.json
acrylicpaint-lint-overdraw,anupam.acrylic,apks/acrylicpaint-lint-overdraw.apk,acrylicpaint_cache.json
acrylicpaint-lint-all,anupam.acrylic,apks/acrylicpaint-lint-all.apk,acrylicpaint_cache.json
blank-app,com.example.luiscruz.blankapp,apks/blank-app.apk,acrylicpaint_cache.json
acrylicpaint,anupam.acrylic,apks/acrylicpaint.apk,acrylicpaint_cache.json
acrylicpaint-lint-draw-allocation,anupam.acrylic,apks/acrylicpaint-lint-drawallocation.apk,acrylicpaint_cache.json
acrylicpaint-lint-overdraw,anupam.acrylic,apks/acrylicpaint-lint-overdraw.apk,acrylicpaint_cache.json
acrylicpaint-lint-all,anupam.acrylic,apks/acrylicpaint-lint-all.apk,acrylicpaint_cache.json
blank-app,com.example.luiscruz.blankapp,apks/blank-app.apk,acrylicpaint_cache.json
acrylicpaint,anupam.acrylic,apks/acrylicpaint.apk,acrylicpaint_cache.json
acrylicpaint-lint-draw-allocation,anupam.acrylic,apks/acrylicpaint-lint-drawallocation.apk,acrylicpaint_cache.json
acrylicpaint-lint-overdraw,anupam.acrylic,apks/acrylicpaint-lint-overdraw.apk,acrylicpaint_cache.json
acrylicpaint-lint-all,anupam.acrylic,apks/acrylicpaint-lint-all.apk,acrylicpaint_cache.json
blank-app,com.example.luiscruz.blankapp,apks/blank-app.apk,acrylicpaint_cache.json
acrylicpaint,anupam.acrylic,apks/acrylicpaint.apk,acrylicpaint_cache.json
acrylicpaint-lint-draw-allocation,anupam.acrylic,apks/acrylicpaint-lint-drawallocation.apk,acrylicpaint_cache.json
acrylicpaint-lint-overdraw,anupam.acrylic,apks/acrylicpaint-lint-overdraw.apk,acrylicpaint_cache.json
acrylicpaint-lint-all,anupam.acrylic,apks/acrylicpaint-lint-all.apk,acrylicpaint_cache.json
blank-app,com.example.luiscruz.blankapp,apks/blank-app.apk,acrylicpaint_cache.json
acrylicpaint,anupam.acrylic,apks/acrylicpaint.apk,acrylicpaint_cache.json
acrylicpaint-lint-draw-allocation,anupam.acrylic,apks/acrylicpaint-lint-drawallocation.apk,acrylicpaint_cache.json
acrylicpaint-lint-overdraw,anupam.acrylic,apks/acrylicpaint-lint-overdraw.apk,acrylicpaint_cache.json
acrylicpaint-lint-all,anupam.acrylic,apks/acrylicpaint-lint-all.apk,acrylicpaint_cache.json
blank-app,com.example.luiscruz.blankapp,apks/blank-app.apk,acrylicpaint_cache.json
acrylicpaint,anupam.acrylic,apks/acrylicpaint.apk,acrylicpaint_cache.json
acrylicpaint-lint-draw-allocation,anupam.acrylic,apks/acrylicpaint-lint-drawallocation.apk,acrylicpaint_cache.json
acrylicpaint-lint-overdraw,anupam.acrylic,apks/acrylicpaint-lint-overdraw.apk,acrylicpaint_cache.json
acrylicpaint-lint-all,anupam.acrylic,apks/acrylicpaint-lint-all.apk,acrylicpaint_cache.json
blank-app,com.example.luiscruz.blankapp,apks/blank-app.apk,acrylicpaint_cache.json
acrylicpaint,anupam.acrylic,apks/acrylicpaint.apk,acrylicpaint_cache.json
acrylicpaint-lint-draw-allocation,anupam.acrylic,apks/acrylicpaint-lint-drawallocation.apk,acrylicpaint_cache.json
acrylicpaint-lint-overdraw,anupam.acrylic,apks/acrylicpaint-lint-overdraw.apk,acrylicpaint_cache.json
acrylicpaint-lint-all,anupam.acrylic,apks/acrylicpaint-lint-all.apk,acrylicpaint_cache.json
blank-app,com.example.luiscruz.blankapp,apks/blank-app.apk,acrylicpaint_cache.json
acrylicpaint,anupam.acrylic,apks/acrylicpaint.apk,acrylicpaint_cache.json
acrylicpaint-lint-draw-allocation,anupam.acrylic,apks/acrylicpaint-lint-drawallocation.apk,acrylicpaint_cache.json
acrylicpaint-lint-overdraw,anupam.acrylic,apks/acrylicpaint-lint-overdraw.apk,acrylicpaint_cache.json
acrylicpaint-lint-all,anupam.acrylic,apks/acrylicpaint-lint-all.apk,acrylicpaint_cache.json
blank-app,com.example.luiscruz.blankapp,apks/blank-app.apk,acrylicpaint_cache.json
acrylicpaint,anupam.acrylic,apks/acrylicpaint.apk,acrylicpaint_cache.json
acrylicpaint-lint-draw-allocation,anupam.acrylic,apks/acrylicpaint-lint-drawallocation.apk,acrylicpaint_cache.json
acrylicpaint-lint-overdraw,anupam.acrylic,apks/acrylicpaint-lint-overdraw.apk,acrylicpaint_cache.json
acrylicpaint-lint-all,anupam.acrylic,apks/acrylicpaint-lint-all.apk,acrylicpaint_cache.json
blank-app,com.example.luiscruz.blankapp,apks/blank-app.apk,acrylicpaint_cache.json
acrylicpaint,anupam.acrylic,apks/acrylicpaint.apk,acrylicpaint_cache.json
acrylicpaint-lint-draw-allocation,anupam.acrylic,apks/acrylicpaint-lint-drawallocation.apk,acrylicpaint_cache.json
acrylicpaint-lint-overdraw,anupam.acrylic,apks/acrylicpaint-lint-overdraw.apk,acrylicpaint_cache.json
acrylicpaint-lint-all,anupam.acrylic,apks/acrylicpaint-lint-all.apk,acrylicpaint_cache.json
blank-app,com.example.luiscruz.blankapp,apks/blank-app.apk,acrylicpaint_cache.json
acrylicpaint,anupam.acrylic,apks/acrylicpaint.apk,acrylicpaint_cache.json
acrylicpaint-lint-draw-allocation,anupam.acrylic,apks/acrylicpaint-lint-drawallocation.apk,acrylicpaint_cache.json
acrylicpaint-lint-overdraw,anupam.acrylic,apks/acrylicpaint-lint-overdraw.apk,acrylicpaint_cache.json
acrylicpaint-lint-all,anupam.acrylic,apks/acrylicpaint-lint-all.apk,acrylicpaint_cache.json
blank-app,com.example.luiscruz.blankapp,apks/blank-app.apk,acrylicpaint_cache.json
acrylicpaint,anupam.acrylic,apks/acrylicpaint.apk,acrylicpaint_cache.json
acrylicpaint-lint-draw-allocation,anupam.acrylic,apks/acrylicpaint-lint-drawallocation.apk,acrylicpaint_cache.json
acrylicpaint-lint-overdraw,anupam.acrylic,apks/acrylicpaint-lint-overdraw.apk,acrylicpaint_cache.json
acrylicpaint-lint-all,anupam.acrylic,apks/acrylicpaint-lint-all.apk,acrylicpaint_cache.json
blank-app,com.example.luiscruz.blankapp,apks/blank-app.apk,acrylicpaint_cache.json
acrylicpaint,anupam.acrylic,apks/acrylicpaint.apk,acrylicpaint_cache.json
acrylicpaint-lint-draw-allocation,anupam.acrylic,apks/acrylicpaint-lint-drawallocation.apk,acrylicpaint_cache.json
acrylicpaint-lint-overdraw,anupam.acrylic,apks/acrylicpaint-lint-overdraw.apk,acrylicpaint_cache.json
acrylicpaint-lint-all,anupam.acrylic,apks/acrylicpaint-lint-all.apk,acrylicpaint_cache.json
blank-app,com.example.luiscruz.blankapp,apks/blank-app.apk,acrylicpaint_cache.json
acrylicpaint,anupam.acrylic,apks/acrylicpaint.apk,acrylicpaint_cache.json
acrylicpaint-lint-draw-allocation,anupam.acrylic,apks/acrylicpaint-lint-drawallocation.apk,acrylicpaint_cache.json
acrylicpaint-lint-overdraw,anupam.acrylic,apks/acrylicpaint-lint-overdraw.apk,acrylicpaint_cache.json
acrylicpaint-lint-all,anupam.acrylic,apks/acrylicpaint-lint-all.apk,acrylicpaint_cache.json
blank-app,com.example.luiscruz.blankapp,apks/blank-app.apk,acrylicpaint_cache.json
acrylicpaint,anupam.acrylic,apks/acrylicpaint.apk,acrylicpaint_cache.json
acrylicpaint-lint-draw-allocation,anupam.acrylic,apks/acrylicpaint-lint-drawallocation.apk,acrylicpaint_cache.json
acrylicpaint-lint-overdraw,anupam.acrylic,apks/acrylicpaint-lint-overdraw.apk,acrylicpaint_cache.json
acrylicpaint-lint-all,anupam.acrylic,apks/acrylicpaint-lint-all.apk,acrylicpaint_cache.json
blank-app,com.example.luiscruz.blankapp,apks/blank-app.apk,acrylicpaint_cache.json
acrylicpaint,anupam.acrylic,apks/acrylicpaint.apk,acrylicpaint_cache.json
acrylicpaint-lint-draw-allocation,anupam.acrylic,apks/acrylicpaint-lint-drawallocation.apk,acrylicpaint_cache.json
acrylicpaint-lint-overdraw,anupam.acrylic,apks/acrylicpaint-lint-overdraw.apk,acrylicpaint_cache.json
acrylicpaint-lint-all,anupam.acrylic,apks/acrylicpaint-lint-all.apk,acrylicpaint_cache.json
blank-app,com.example.luiscruz.blankapp,apks/blank-app.apk,acrylicpaint_cache.json
acrylicpaint,anupam.acrylic,apks/acrylicpaint.apk,acrylicpaint_cache.json
acrylicpaint-lint-draw-allocation,anupam.acrylic,apks/acrylicpaint-lint-drawallocation.apk,acrylicpaint_cache.json
acrylicpaint-lint-overdraw,anupam.acrylic,apks/acrylicpaint-lint-overdraw.apk,acrylicpaint_cache.json
acrylicpaint-lint-all,anupam.acrylic,apks/acrylicpaint-lint-all.apk,acrylicpaint_cache.json
blank-app,com.example.luiscruz.blankapp,apks/blank-app.apk,acrylicpaint_cache.json
acrylicpaint,anupam.acrylic,apks/acrylicpaint.apk,acrylicpaint_cache.json
acrylicpaint-lint-draw-allocation,anupam.acrylic,apks/acrylicpaint-lint-drawallocation.apk,acrylicpaint_cache.json
acrylicpaint-lint-overdraw,anupam.acrylic,apks/acrylicpaint-lint-overdraw.apk,acrylicpaint_cache.json
acrylicpaint-lint-all,anupam.acrylic,apks/acrylicpaint-lint-all.apk,acrylicpaint_cache.json
blank-app,com.example.luiscruz.blankapp,apks/blank-app.apk,acrylicpaint_cache.json
acrylicpaint,anupam.acrylic,apks/acrylicpaint.apk,acrylicpaint_cache.json
acrylicpaint-lint-draw-allocation,anupam.acrylic,apks/acrylicpaint-lint-drawallocation.apk,acrylicpaint_cache.json
acrylicpaint-lint-overdraw,anupam.acrylic,apks/acrylicpaint-lint-overdraw.apk,acrylicpaint_cache.json
acrylicpaint-lint-all,anupam.acrylic,apks/acrylicpaint-lint-all.apk,acrylicpaint_cache.json
blank-app,com.example.luiscruz.blankapp,apks/blank-app.apk,acrylicpaint_cache.json
acrylicpaint,anupam.acrylic,apks/acrylicpaint.apk,acrylicpaint_cache.json
acrylicpaint-lint-draw-allocation,anupam.acrylic,apks/acrylicpaint-lint-drawallocation.apk,acrylicpaint_cache.json
acrylicpaint-lint-overdraw,anupam.acrylic,apks/acrylicpaint-lint-overdraw.apk,acrylicpaint_cache.json
acrylicpaint-lint-all,anupam.acrylic,apks/acrylicpaint-lint-all.apk,acrylicpaint_cache.json
blank-app,com.example.luiscruz.blankapp,apks/blank-app.apk,acrylicpaint_cache.json
acrylicpaint,anupam.acrylic,apks/acrylicpaint.apk,acrylicpaint_cache.json
acrylicpaint-lint-draw-allocation,anupam.acrylic,apks/acrylicpaint-lint-drawallocation.apk,acrylicpaint_cache.json
acrylicpaint-lint-overdraw,anupam.acrylic,apks/acrylicpaint-lint-overdraw.apk,acrylicpaint_cache.json
acrylicpaint-lint-all,anupam.acrylic,apks/acrylicpaint-lint-all.apk,acrylicpaint_cache.json
blank-app,com.example.luiscruz.blankapp,apks/blank-app.apk,acrylicpaint_cache.json
acrylicpaint,anupam.acrylic,apks/acrylicpaint.apk,acrylicpaint_cache.json
acrylicpaint-lint-draw-allocation,anupam.acrylic,apks/acrylicpaint-lint-drawallocation.apk,acrylicpaint_cache.json
acrylicpaint-lint-overdraw,anupam.acrylic,apks/acrylicpaint-lint-overdraw.apk,acrylicpaint_cache.json
acrylicpaint-lint-all,anupam.acrylic,apks/acrylicpaint-lint-all.apk,acrylicpaint_cache.json
blank-app,com.example.luiscruz.blankapp,apks/blank-app.apk,acrylicpaint_cache.json
acrylicpaint,anupam.acrylic,apks/acrylicpaint.apk,acrylicpaint_cache.json
acrylicpaint-lint-draw-allocation,anupam.acrylic,apks/acrylicpaint-lint-drawallocation.apk,acrylicpaint_cache.json
acrylicpaint-lint-overdraw,anupam.acrylic,apks/acrylicpaint-lint-overdraw.apk,acrylicpaint_cache.json
acrylicpaint-lint-all,anupam.acrylic,apks/acrylicpaint-lint-all.apk,acrylicpaint_cache.json
blank-app,com.example.luiscruz.blankapp,apks/blank-app.apk,acrylicpaint_cache.json
