blank-app,com.example.luiscruz.blankapp,apks/blank-app.apk,talalarmo_cache.json
talalarmo,trikita.talalarmo,apks/talalarmo.apk,talalarmo_cache.json
talalarmo-lint-draw-allocation,trikita.talalarmo,apks/talalarmo-lint-drawallocation.apk,talalarmo_cache.json
talalarmo-lint-wakelock,trikita.talalarmo,apks/talalarmo-lint-wakelock.apk,talalarmo_cache.json
talalarmo-lint-all,trikita.talalarmo,apks/talalarmo-lint-all.apk,talalarmo_cache.json
blank-app,com.example.luiscruz.blankapp,apks/blank-app.apk,talalarmo_cache.json
talalarmo,trikita.talalarmo,apks/talalarmo.apk,talalarmo_cache.json
talalarmo-lint-draw-allocation,trikita.talalarmo,apks/talalarmo-lint-drawallocation.apk,talalarmo_cache.json
talalarmo-lint-wakelock,trikita.talalarmo,apks/talalarmo-lint-wakelock.apk,talalarmo_cache.json
talalarmo-lint-all,trikita.talalarmo,apks/talalarmo-lint-all.apk,talalarmo_cache.json
blank-app,com.example.luiscruz.blankapp,apks/blank-app.apk,talalarmo_cache.json
talalarmo,trikita.talalarmo,apks/talalarmo.apk,talalarmo_cache.json
talalarmo-lint-draw-allocation,trikita.talalarmo,apks/talalarmo-lint-drawallocation.apk,talalarmo_cache.json
talalarmo-lint-wakelock,trikita.talalarmo,apks/talalarmo-lint-wakelock.apk,talalarmo_cache.json
talalarmo-lint-all,trikita.talalarmo,apks/talalarmo-lint-all.apk,talalarmo_cache.json
blank-app,com.example.luiscruz.blankapp,apks/blank-app.apk,talalarmo_cache.json
talalarmo,trikita.talalarmo,apks/talalarmo.apk,talalarmo_cache.json
talalarmo-lint-draw-allocation,trikita.talalarmo,apks/talalarmo-lint-drawallocation.apk,talalarmo_cache.json
talalarmo-lint-wakelock,trikita.talalarmo,apks/talalarmo-lint-wakelock.apk,talalarmo_cache.json
talalarmo-lint-all,trikita.talalarmo,apks/talalarmo-lint-all.apk,talalarmo_cache.json
blank-app,com.example.luiscruz.blankapp,apks/blank-app.apk,talalarmo_cache.json
talalarmo,trikita.talalarmo,apks/talalarmo.apk,talalarmo_cache.json
talalarmo-lint-draw-allocation,trikita.talalarmo,apks/talalarmo-lint-drawallocation.apk,talalarmo_cache.json
talalarmo-lint-wakelock,trikita.talalarmo,apks/talalarmo-lint-wakelock.apk,talalarmo_cache.json
talalarmo-lint-all,trikita.talalarmo,apks/talalarmo-lint-all.apk,talalarmo_cache.json
blank-app,com.example.luiscruz.blankapp,apks/blank-app.apk,talalarmo_cache.json
talalarmo,trikita.talalarmo,apks/talalarmo.apk,talalarmo_cache.json
talalarmo-lint-draw-allocation,trikita.talalarmo,apks/talalarmo-lint-drawallocation.apk,talalarmo_cache.json
talalarmo-lint-wakelock,trikita.talalarmo,apks/talalarmo-lint-wakelock.apk,talalarmo_cache.json
talalarmo-lint-all,trikita.talalarmo,apks/talalarmo-lint-all.apk,talalarmo_cache.json
blank-app,com.example.luiscruz.blankapp,apks/blank-app.apk,talalarmo_cache.json
talalarmo,trikita.talalarmo,apks/talalarmo.apk,talalarmo_cache.json
talalarmo-lint-draw-allocation,trikita.talalarmo,apks/talalarmo-lint-drawallocation.apk,talalarmo_cache.json
talalarmo-lint-wakelock,trikita.talalarmo,apks/talalarmo-lint-wakelock.apk,talalarmo_cache.json
talalarmo-lint-all,trikita.talalarmo,apks/talalarmo-lint-all.apk,talalarmo_cache.json
blank-app,com.example.luiscruz.blankapp,apks/blank-app.apk,talalarmo_cache.json
talalarmo,trikita.talalarmo,apks/talalarmo.apk,talalarmo_cache.json
talalarmo-lint-draw-allocation,trikita.talalarmo,apks/talalarmo-lint-drawallocation.apk,talalarmo_cache.json
talalarmo-lint-wakelock,trikita.talalarmo,apks/talalarmo-lint-wakelock.apk,talalarmo_cache.json
talalarmo-lint-all,trikita.talalarmo,apks/talalarmo-lint-all.apk,talalarmo_cache.json
blank-app,com.example.luiscruz.blankapp,apks/blank-app.apk,talalarmo_cache.json
talalarmo,trikita.talalarmo,apks/talalarmo.apk,talalarmo_cache.json
talalarmo-lint-draw-allocation,trikita.talalarmo,apks/talalarmo-lint-drawallocation.apk,talalarmo_cache.json
talalarmo-lint-wakelock,trikita.talalarmo,apks/talalarmo-lint-wakelock.apk,talalarmo_cache.json
talalarmo-lint-all,trikita.talalarmo,apks/talalarmo-lint-all.apk,talalarmo_cache.json
blank-app,com.example.luiscruz.blankapp,apks/blank-app.apk,talalarmo_cache.json
talalarmo,trikita.talalarmo,apks/talalarmo.apk,talalarmo_cache.json
talalarmo-lint-draw-allocation,trikita.talalarmo,apks/talalarmo-lint-drawallocation.apk,talalarmo_cache.json
talalarmo-lint-wakelock,trikita.talalarmo,apks/talalarmo-lint-wakelock.apk,talalarmo_cache.json
talalarmo-lint-all,trikita.talalarmo,apks/talalarmo-lint-all.apk,talalarmo_cache.json
blank-app,com.example.luiscruz.blankapp,apks/blank-app.apk,talalarmo_cache.json
talalarmo,trikita.talalarmo,apks/talalarmo.apk,talalarmo_cache.json
talalarmo-lint-draw-allocation,trikita.talalarmo,apks/talalarmo-lint-drawallocation.apk,talalarmo_cache.json
talalarmo-lint-wakelock,trikita.talalarmo,apks/talalarmo-lint-wakelock.apk,talalarmo_cache.json
talalarmo-lint-all,trikita.talalarmo,apks/talalarmo-lint-all.apk,talalarmo_cache.json
blank-app,com.example.luiscruz.blankapp,apks/blank-app.apk,talalarmo_cache.json
talalarmo,trikita.talalarmo,apks/talalarmo.apk,talalarmo_cache.json
talalarmo-lint-draw-allocation,trikita.talalarmo,apks/talalarmo-lint-drawallocation.apk,talalarmo_cache.json
talalarmo-lint-wakelock,trikita.talalarmo,apks/talalarmo-lint-wakelock.apk,talalarmo_cache.json
talalarmo-lint-all,trikita.talalarmo,apks/talalarmo-lint-all.apk,talalarmo_cache.json
blank-app,com.example.luiscruz.blankapp,apks/blank-app.apk,talalarmo_cache.json
talalarmo,trikita.talalarmo,apks/talalarmo.apk,talalarmo_cache.json
talalarmo-lint-draw-allocation,trikita.talalarmo,apks/talalarmo-lint-drawallocation.apk,talalarmo_cache.json
talalarmo-lint-wakelock,trikita.talalarmo,apks/talalarmo-lint-wakelock.apk,talalarmo_cache.json
talalarmo-lint-all,trikita.talalarmo,apks/talalarmo-lint-all.apk,talalarmo_cache.json
blank-app,com.example.luiscruz.blankapp,apks/blank-app.apk,talalarmo_cache.json
talalarmo,trikita.talalarmo,apks/talalarmo.apk,talalarmo_cache.json
talalarmo-lint-draw-allocation,trikita.talalarmo,apks/talalarmo-lint-drawallocation.apk,talalarmo_cache.json
talalarmo-lint-wakelock,trikita.talalarmo,apks/talalarmo-lint-wakelock.apk,talalarmo_cache.json
talalarmo-lint-all,trikita.talalarmo,apks/talalarmo-lint-all.apk,talalarmo_cache.json
blank-app,com.example.luiscruz.blankapp,apks/blank-app.apk,talalarmo_cache.json
talalarmo,trikita.talalarmo,apks/talalarmo.apk,talalarmo_cache.json
talalarmo-lint-draw-allocation,trikita.talalarmo,apks/talalarmo-lint-drawallocation.apk,talalarmo_cache.json
talalarmo-lint-wakelock,trikita.talalarmo,apks/talalarmo-lint-wakelock.apk,talalarmo_cache.json
talalarmo-lint-all,trikita.talalarmo,apks/talalarmo-lint-all.apk,talalarmo_cache.json
blank-app,com.example.luiscruz.blankapp,apks/blank-app.apk,talalarmo_cache.json
talalarmo,trikita.talalarmo,apks/talalarmo.apk,talalarmo_cache.json
talalarmo-lint-draw-allocation,trikita.talalarmo,apks/talalarmo-lint-drawallocation.apk,talalarmo_cache.json
talalarmo-lint-wakelock,trikita.talalarmo,apks/talalarmo-lint-wakelock.apk,talalarmo_cache.json
talalarmo-lint-all,trikita.talalarmo,apks/talalarmo-lint-all.apk,talalarmo_cache.json
blank-app,com.example.luiscruz.blankapp,apks/blank-app.apk,talalarmo_cache.json
talalarmo,trikita.talalarmo,apks/talalarmo.apk,talalarmo_cache.json
talalarmo-lint-draw-allocation,trikita.talalarmo,apks/talalarmo-lint-drawallocation.apk,talalarmo_cache.json
talalarmo-lint-wakelock,trikita.talalarmo,apks/talalarmo-lint-wakelock.apk,talalarmo_cache.json
talalarmo-lint-all,trikita.talalarmo,apks/talalarmo-lint-all.apk,talalarmo_cache.json
blank-app,com.example.luiscruz.blankapp,apks/blank-app.apk,talalarmo_cache.json
talalarmo,trikita.talalarmo,apks/talalarmo.apk,talalarmo_cache.json
talalarmo-lint-draw-allocation,trikita.talalarmo,apks/talalarmo-lint-drawallocation.apk,talalarmo_cache.json
talalarmo-lint-wakelock,trikita.talalarmo,apks/talalarmo-lint-wakelock.apk,talalarmo_cache.json
talalarmo-lint-all,trikita.talalarmo,apks/talalarmo-lint-all.apk,talalarmo_cache.json
blank-app,com.example.luiscruz.blankapp,apks/blank-app.apk,talalarmo_cache.json
talalarmo,trikita.talalarmo,apks/talalarmo.apk,talalarmo_cache.json
talalarmo-lint-draw-allocation,trikita.talalarmo,apks/talalarmo-lint-drawallocation.apk,talalarmo_cache.json
talalarmo-lint-wakelock,trikita.talalarmo,apks/talalarmo-lint-wakelock.apk,talalarmo_cache.json
talalarmo-lint-all,trikita.talalarmo,apks/talalarmo-lint-all.apk,talalarmo_cache.json
blank-app,com.example.luiscruz.blankapp,apks/blank-app.apk,talalarmo_cache.json
talalarmo,trikita.talalarmo,apks/talalarmo.apk,talalarmo_cache.json
talalarmo-lint-draw-allocation,trikita.talalarmo,apks/talalarmo-lint-drawallocation.apk,talalarmo_cache.json
talalarmo-lint-wakelock,trikita.talalarmo,apks/talalarmo-lint-wakelock.apk,talalarmo_cache.json
talalarmo-lint-all,trikita.talalarmo,apks/talalarmo-lint-all.apk,talalarmo_cache.json
blank-app,com.example.luiscruz.blankapp,apks/blank-app.apk,talalarmo_cache.json
talalarmo,trikita.talalarmo,apks/talalarmo.apk,talalarmo_cache.json
talalarmo-lint-draw-allocation,trikita.talalarmo,apks/talalarmo-lint-drawallocation.apk,talalarmo_cache.json
talalarmo-lint-wakelock,trikita.talalarmo,apks/talalarmo-lint-wakelock.apk,talalarmo_cache.json
talalarmo-lint-all,trikita.talalarmo,apks/talalarmo-lint-all.apk,talalarmo_cache.json
blank-app,com.example.luiscruz.blankapp,apks/blank-app.apk,talalarmo_cache.json
talalarmo,trikita.talalarmo,apks/talalarmo.apk,talalarmo_cache.json
talalarmo-lint-draw-allocation,trikita.talalarmo,apks/talalarmo-lint-drawallocation.apk,talalarmo_cache.json
talalarmo-lint-wakelock,trikita.talalarmo,apks/talalarmo-lint-wakelock.apk,talalarmo_cache.json
talalarmo-lint-all,trikita.talalarmo,apks/talalarmo-lint-all.apk,talalarmo_cache.json
blank-app,com.example.luiscruz.blankapp,apks/blank-app.apk,talalarmo_cache.json
talalarmo,trikita.talalarmo,apks/talalarmo.apk,talalarmo_cache.json
talalarmo-lint-draw-allocation,trikita.talalarmo,apks/talalarmo-lint-drawallocation.apk,talalarmo_cache.json
talalarmo-lint-wakelock,trikita.talalarmo,apks/talalarmo-lint-wakelock.apk,talalarmo_cache.json
talalarmo-lint-all,trikita.talalarmo,apks/talalarmo-lint-all.apk,talalarmo_cache.json
blank-app,com.example.luiscruz.blankapp,apks/blank-app.apk,talalarmo_cache.json
talalarmo,trikita.talalarmo,apks/talalarmo.apk,talalarmo_cache.json
talalarmo-lint-draw-allocation,trikita.talalarmo,apks/talalarmo-lint-drawallocation.apk,talalarmo_cache.json
talalarmo-lint-wakelock,trikita.talalarmo,apks/talalarmo-lint-wakelock.apk,talalarmo_cache.json
talalarmo-lint-all,trikita.talalarmo,apks/talalarmo-lint-all.apk,talalarmo_cache.json
blank-app,com.example.luiscruz.blankapp,apks/blank-app.apk,talalarmo_cache.json
talalarmo,trikita.talalarmo,apks/talalarmo.apk,talalarmo_cache.json
talalarmo-lint-draw-allocation,trikita.talalarmo,apks/talalarmo-lint-drawallocation.apk,talalarmo_cache.json
talalarmo-lint-wakelock,trikita.talalarmo,apks/talalarmo-lint-wakelock.apk,talalarmo_cache.json
talalarmo-lint-all,trikita.talalarmo,apks/talalarmo-lint-all.apk,talalarmo_cache.json
blank-app,com.example.luiscruz.blankapp,apks/blank-app.apk,talalarmo_cache.json
talalarmo,trikita.talalarmo,apks/talalarmo.apk,talalarmo_cache.json
talalarmo-lint-draw-allocation,trikita.talalarmo,apks/talalarmo-lint-drawallocation.apk,talalarmo_cache.json
talalarmo-lint-wakelock,trikita.talalarmo,apks/talalarmo-lint-wakelock.apk,talalarmo_cache.json
talalarmo-lint-all,trikita.talalarmo,apks/talalarmo-lint-all.apk,talalarmo_cache.json
blank-app,com.example.luiscruz.blankapp,apks/blank-app.apk,talalarmo_cache.json
talalarmo,trikita.talalarmo,apks/talalarmo.apk,talalarmo_cache.json
talalarmo-lint-draw-allocation,trikita.talalarmo,apks/talalarmo-lint-drawallocation.apk,talalarmo_cache.json
talalarmo-lint-wakelock,trikita.talalarmo,apks/talalarmo-lint-wakelock.apk,talalarmo_cache.json
talalarmo-lint-all,trikita.talalarmo,apks/talalarmo-lint-all.apk,talalarmo_cache.json
blank-app,com.example.luiscruz.blankapp,apks/blank-app.apk,talalarmo_cache.json
talalarmo,trikita.talalarmo,apks/talalarmo.apk,talalarmo_cache.json
talalarmo-lint-draw-allocation,trikita.talalarmo,apks/talalarmo-lint-drawallocation.apk,talalarmo_cache.json
talalarmo-lint-wakelock,trikita.talalarmo,apks/talalarmo-lint-wakelock.apk,talalarmo_cache.json
talalarmo-lint-all,trikita.talalarmo,apks/talalarmo-lint-all.apk,talalarmo_cache.json
blank-app,com.example.luiscruz.blankapp,apks/blank-app.apk,talalarmo_cache.json
talalarmo,trikita.talalarmo,apks/talalarmo.apk,talalarmo_cache.json
talalarmo-lint-draw-allocation,trikita.talalarmo,apks/talalarmo-lint-drawallocation.apk,talalarmo_cache.json
talalarmo-lint-wakelock,trikita.talalarmo,apks/talalarmo-lint-wakelock.apk,talalarmo_cache.json
talalarmo-lint-all,trikita.talalarmo,apks/talalarmo-lint-all.apk,talalarmo_cache.json
blank-app,com.example.luiscruz.blankapp,apks/blank-app.apk,talalarmo_cache.json
talalarmo,trikita.talalarmo,apks/talalarmo.apk,talalarmo_cache.json
talalarmo-lint-draw-allocation,trikita.talalarmo,apks/talalarmo-lint-drawallocation.apk,talalarmo_cache.json
talalarmo-lint-wakelock,trikita.talalarmo,apks/talalarmo-lint-wakelock.apk,talalarmo_cache.json
talalarmo-lint-all,trikita.talalarmo,apks/talalarmo-lint-all.apk,talalarmo_cache.json
